{"eval/loss":0.6586045026779175,"train/loss":0.784,"_step":44,"total_flos":1.163890538914775e+17,"_timestamp":1.7468371881391368e+09,"_wandb":{"runtime":5694},"train/epoch":2.9950738916256157,"train_loss":1.0654421438250625,"eval/steps_per_second":1.608,"train/learning_rate":1.875e-05,"train_runtime":5694.1034,"train/global_step":228,"_runtime":5693.629964393,"train_steps_per_second":0.04,"train/grad_norm":0.5797204971313477,"eval/samples_per_second":1.608,"train_samples_per_second":5.132,"eval/runtime":0.6217}