{"train/learning_rate":0.00023999999999999998,"train/epoch":2.928104575163399,"_timestamp":1.746312838300166e+09,"train_samples_per_second":4.302,"train/grad_norm":5.353067874908447,"train/loss":0.7253,"eval/runtime":0.6286,"train/global_step":84,"eval/samples_per_second":1.591,"_step":16,"eval/loss":0.7233575582504272,"total_flos":5.84549409226752e+16,"train_loss":1.0221140895571028,"_wandb":{"runtime":2563},"eval/steps_per_second":1.591,"train_steps_per_second":0.033,"_runtime":2556.507282101,"train_runtime":2556.9135}