{"train_steps_per_second":0.035,"train/grad_norm":0.4634442627429962,"eval/steps_per_second":1.61,"train_samples_per_second":4.545,"train_loss":0.9599963091967398,"_wandb":{"runtime":6429},"train_runtime":6429.4874,"eval/samples_per_second":1.61,"train/learning_rate":2.3437499999999997e-05,"eval/loss":0.5678772330284119,"eval/runtime":0.621,"train/epoch":2.9950738916256157,"train/global_step":228,"_step":44,"_timestamp":1.742010917098244e+09,"total_flos":1.1800028644009574e+17,"_runtime":6429.077234836,"train/loss":0.7333}