{"train/epoch":2.963517305893358,"train_loss":0.8055827172115596,"total_flos":7.037015514277478e+16,"train/global_step":198,"eval/samples_per_second":1.84,"_step":38,"_runtime":4619.602281822,"train/learning_rate":2.448979591836734e-05,"train/loss":0.4255,"_timestamp":1.7468273772117596e+09,"eval/loss":0.7841020822525024,"eval/steps_per_second":1.84,"train_runtime":4620.0235,"train_samples_per_second":5.552,"train/grad_norm":0.4444260001182556,"_wandb":{"runtime":4621},"eval/runtime":0.5434,"train_steps_per_second":0.043}