{"_wandb":{"runtime":1449},"train/learning_rate":0.00023999999999999998,"eval/samples_per_second":2.68,"eval/steps_per_second":2.68,"total_flos":5.766166797719962e+16,"eval/loss":0.7812250256538391,"train/loss":0.6934,"train_runtime":1448.5247,"train/grad_norm":0.6068510413169861,"train_samples_per_second":7.595,"train_steps_per_second":0.058,"train/global_step":84,"_timestamp":1.7460958432161725e+09,"_runtime":1448.052934814,"_step":16,"train/epoch":2.928104575163399,"train_loss":1.0536876774969555,"eval/runtime":0.3732}