{"train/learning_rate":3.061224489795918e-05,"eval/samples_per_second":1.936,"eval/runtime":0.5165,"total_flos":7.694380737390182e+16,"eval/steps_per_second":1.936,"_step":38,"_wandb":{"runtime":4621},"train_steps_per_second":0.043,"train/loss":0.4272,"train_loss":0.6798143711957064,"train_runtime":4616.2527,"train/epoch":2.963517305893358,"train_samples_per_second":5.556,"eval/loss":0.6929680109024048,"_runtime":4615.860897211,"train/grad_norm":0.38470152020454407,"_timestamp":1.7404561813684092e+09,"train/global_step":198}