{"eval/runtime":0.5541,"eval/loss":1.2781647443771362,"train_steps_per_second":0.037,"eval/steps_per_second":1.805,"train_runtime":7779.6377,"eval/samples_per_second":1.805,"train/epoch":14.615384615384615,"_timestamp":1.742430968479775e+09,"_step":56,"total_flos":2.368886740231127e+17,"_wandb":{"runtime":7784},"train/grad_norm":0.09026740491390228,"train_samples_per_second":4.799,"train/loss":0.0605,"train/global_step":285,"train/learning_rate":9.72972972972973e-06,"_runtime":7779.192957259,"train_loss":0.42619089588784337}