{"train_loss":0.2408002344044772,"train/global_step":1320,"train_samples_per_second":5.067,"eval/samples_per_second":1.669,"eval/steps_per_second":1.669,"_runtime":33747.91405619,"train/learning_rate":9.83606557377049e-07,"eval/loss":0.6969183087348938,"total_flos":5.1284686546088755e+17,"_timestamp":1.742596580792093e+09,"_step":264,"train/grad_norm":0.09716689586639404,"train_runtime":33748.422,"train_steps_per_second":0.039,"eval/runtime":0.5992,"train/epoch":19.756782039289057,"train/loss":0.1408,"_wandb":{"runtime":33748}}