{"total_flos":1.187249147365294e+17,"_runtime":7361.819353368,"_timestamp":1.7463399806301243e+09,"train_loss":0.9530148987184491,"eval/runtime":0.6767,"eval/steps_per_second":1.478,"_step":44,"train/epoch":2.9950738916256157,"train/learning_rate":2.5781249999999996e-05,"train_steps_per_second":0.031,"train/grad_norm":0.4510212242603302,"train_samples_per_second":3.969,"train_runtime":7362.2434,"train/loss":0.7367,"eval/loss":0.5246968865394592,"_wandb":{"runtime":7367},"train/global_step":228,"eval/samples_per_second":1.478}