{"eval/samples_per_second":1.528,"total_flos":5.637865017625805e+16,"_step":22,"_wandb":{"runtime":3498},"train_samples_per_second":4.25,"train/learning_rate":8.57142857142857e-05,"eval/runtime":0.6543,"train_loss":1.3334373256616425,"train_steps_per_second":0.033,"eval/loss":0.8476951122283936,"train/epoch":2.9419354838709677,"eval/steps_per_second":1.528,"train/global_step":114,"train_runtime":3497.977,"_runtime":3497.456160355,"_timestamp":1.7471342948464487e+09,"train/grad_norm":1.2160401344299316,"train/loss":0.8819}