{"eval/runtime":0.6461,"train_runtime":12015.4254,"train_samples_per_second":4.143,"train_steps_per_second":0.032,"train/loss":0.0585,"_wandb":{"runtime":12019},"train/learning_rate":0,"eval/steps_per_second":1.548,"total_flos":3.1607457280701235e+17,"train_loss":0.33072602952781477,"_runtime":12015.006642732,"train/global_step":380,"train/epoch":19.487179487179485,"_timestamp":1.7425681068923163e+09,"_step":76,"train/grad_norm":0.0677315890789032,"eval/loss":1.1760059595108032,"eval/samples_per_second":1.548}