{"_runtime":5330.876634092,"train_steps_per_second":0.037,"train/epoch":2.963517305893358,"train/loss":0.3554,"eval/steps_per_second":1.617,"train_samples_per_second":4.811,"eval/loss":0.5239047408103943,"eval/runtime":0.6184,"train/global_step":198,"train/learning_rate":3.36734693877551e-05,"train_loss":0.6216237532972085,"train/grad_norm":0.378727525472641,"_wandb":{"runtime":5331},"eval/samples_per_second":1.617,"total_flos":7.691330272886784e+16,"_timestamp":1.7420016819364848e+09,"train_runtime":5331.2757,"_step":38}