{"_wandb":{"runtime":2119},"train_steps_per_second":0.04,"_timestamp":1.7473021602190518e+09,"eval/runtime":0.4773,"train_loss":1.2533907492955525,"train/grad_norm":0.8706067204475403,"eval/samples_per_second":2.095,"train/learning_rate":0.00023999999999999998,"eval/loss":0.81753009557724,"train/global_step":84,"train/loss":0.7215,"train_runtime":2114.3878,"eval/steps_per_second":2.095,"train_samples_per_second":5.203,"_runtime":2113.968465913,"_step":16,"train/epoch":2.928104575163399,"total_flos":5.630962562069299e+16}