{"eval/samples_per_second":1.489,"train_samples_per_second":4.189,"train/global_step":114,"eval/runtime":0.6716,"_wandb":{"runtime":3550},"train/grad_norm":1.1242737770080566,"_step":22,"train_runtime":3549.4371,"train_loss":1.141859071296558,"train_steps_per_second":0.032,"train/loss":0.8361,"train/learning_rate":0.0001714285714285714,"eval/steps_per_second":1.489,"eval/loss":0.7174000144004822,"_runtime":3549.0140442,"_timestamp":1.746249452343613e+09,"total_flos":5.848005283047014e+16,"train/epoch":2.9419354838709677}