{"eval/steps_per_second":1.907,"train_runtime":5543.3407,"train/global_step":228,"eval/loss":0.5341705679893494,"train_steps_per_second":0.041,"eval/samples_per_second":1.907,"train/learning_rate":2.5781249999999996e-05,"train/loss":0.728,"train/grad_norm":0.42513784766197205,"train/epoch":2.9950738916256157,"_step":44,"train_samples_per_second":5.271,"_wandb":{"runtime":5548},"total_flos":1.1801415218783846e+17,"_runtime":5542.940924178,"train_loss":0.9676691440113804,"_timestamp":1.7404488046038394e+09,"eval/runtime":0.5245}