{"_step":76,"eval/loss":1.2501270771026611,"eval/samples_per_second":0.538,"train/grad_norm":0.2033533751964569,"train/loss":0.1067,"train/epoch":9.806451612903226,"train_loss":0.5421325671045404,"train_samples_per_second":2.663,"train_runtime":18611.178,"train/global_step":380,"_runtime":18610.742446176,"total_flos":1.93743320059478e+17,"train/learning_rate":2.1428571428571427e-06,"eval/steps_per_second":0.538,"_wandb":{"runtime":18615},"train_steps_per_second":0.02,"_timestamp":1.745855410488761e+09,"eval/runtime":1.8584}