{"train/epoch":2.928104575163399,"eval/steps_per_second":1.794,"train_samples_per_second":4.951,"train_steps_per_second":0.038,"train/loss":0.7232,"train_loss":1.2622536364055814,"train/global_step":84,"train/learning_rate":0.00023999999999999998,"total_flos":5.631265966709146e+16,"_timestamp":1.7468226472906537e+09,"eval/loss":0.8644084334373474,"_runtime":2221.332325749,"eval/runtime":0.5575,"_wandb":{"runtime":2222},"_step":16,"train_runtime":2221.8487,"train/grad_norm":0.8233720064163208,"eval/samples_per_second":1.794}