{"_runtime":2534.607530393,"eval/steps_per_second":1.629,"train/loss":0.6769,"_wandb":{"runtime":2541},"eval/samples_per_second":1.629,"train_samples_per_second":4.34,"train/grad_norm":0.6234825253486633,"train_steps_per_second":0.033,"train/epoch":2.928104575163399,"_step":16,"train_loss":1.0277041821252733,"train/learning_rate":0.000237,"total_flos":5.847447240651571e+16,"_timestamp":1.7463556918353837e+09,"train/global_step":84,"eval/loss":0.7370882034301758,"train_runtime":2535.004,"eval/runtime":0.6138}