{"eval/loss":1.2771854400634766,"eval/runtime":0.5399,"train_steps_per_second":0.04,"eval/steps_per_second":1.852,"total_flos":2.89855137112916e+17,"_runtime":10420.221212558,"eval/samples_per_second":1.852,"train/learning_rate":0,"_step":84,"train/epoch":14.640522875816993,"train/global_step":420,"_wandb":{"runtime":10425},"train_loss":0.3349854974519639,"_timestamp":1.742441486890558e+09,"train_runtime":10420.6107,"train_samples_per_second":5.278,"train/grad_norm":0.09203367680311203,"train/loss":0.0715}