{"_timestamp":1.7404261264951644e+09,"train/loss":0.2713,"train_runtime":4548.6312,"train/global_step":150,"eval/loss":0.2549261748790741,"train_loss":0.6665791511535645,"total_flos":9.661861013343437e+16,"_step":30,"eval/runtime":0.9449,"eval/samples_per_second":1.058,"train/grad_norm":0.3096621036529541,"train_steps_per_second":0.033,"train/epoch":2.9484029484029484,"_wandb":{"runtime":4548},"train_samples_per_second":4.292,"train/learning_rate":1.1999999999999999e-05,"_runtime":4547.816997282,"eval/steps_per_second":1.058}