{"train/epoch":2.963517305893358,"eval/steps_per_second":1.528,"train_runtime":5697.2575,"train_loss":0.6421179458348438,"eval/loss":0.7116756439208984,"eval/runtime":0.6547,"train_steps_per_second":0.035,"train/loss":0.3853,"train/learning_rate":2.7551020408163265e-05,"eval/samples_per_second":1.528,"train/grad_norm":0.3854477107524872,"_wandb":{"runtime":5698},"train/global_step":198,"_timestamp":1.746323722203254e+09,"_step":38,"_runtime":5696.849603736,"train_samples_per_second":4.502,"total_flos":7.738931940006298e+16}