{"train_samples_per_second":4.444,"train/loss":0.0922,"total_flos":4.8314920694552986e+17,"train_loss":0.24355670317014058,"train/learning_rate":1.3846153846153846e-06,"train_runtime":21962.81,"eval/steps_per_second":1.59,"_wandb":{"runtime":21967},"_timestamp":1.7425082547847304e+09,"train/global_step":750,"_runtime":21962.418897803,"_step":150,"train/epoch":14.742014742014742,"train/grad_norm":0.11758526414632797,"eval/loss":0.39768919348716736,"train_steps_per_second":0.034,"eval/samples_per_second":1.59,"eval/runtime":0.629}