{"train_loss":1.0327082020895821,"train_samples_per_second":3.713,"train/loss":0.6713,"eval/steps_per_second":1.547,"total_flos":5.813353398612787e+16,"_wandb":{"runtime":2966},"_timestamp":1.7420048137519834e+09,"train_runtime":2962.4659,"train/grad_norm":0.5536056160926819,"train_steps_per_second":0.028,"train/global_step":84,"eval/loss":0.746325671672821,"eval/samples_per_second":1.547,"train/learning_rate":0.000237,"train/epoch":2.928104575163399,"_step":16,"_runtime":2961.810288962,"eval/runtime":0.6465}