{"train_steps_per_second":0.033,"eval/samples_per_second":1.717,"train/epoch":2.928104575163399,"train/learning_rate":0.00023999999999999998,"eval/loss":0.9115176796913147,"train/loss":0.7,"train_samples_per_second":4.331,"_step":16,"train_loss":1.2462298756554013,"_wandb":{"runtime":2546},"_runtime":2539.652276461,"train/global_step":84,"total_flos":5.631758999248896e+16,"train_runtime":2540.1272,"_timestamp":1.746933375401296e+09,"train/grad_norm":1.0376458168029785,"eval/runtime":0.5825,"eval/steps_per_second":1.717}