{"eval/steps_per_second":1.615,"train/epoch":2.9484029484029484,"_runtime":4400.474680903,"train_runtime":4401.2778,"eval/runtime":0.6192,"train/learning_rate":5.999999999999999e-06,"_timestamp":1.7404579987842927e+09,"eval/samples_per_second":1.615,"train/grad_norm":0.3005950450897217,"train/loss":0.2661,"eval/loss":0.2758915424346924,"total_flos":9.659469171857818e+16,"train_loss":0.6618569087982178,"train_samples_per_second":4.435,"_wandb":{"runtime":4401},"train_steps_per_second":0.034,"train/global_step":150,"_step":30}