{"eval/samples_per_second":1.738,"train/learning_rate":0.00015,"eval/loss":0.6997475624084473,"eval/steps_per_second":1.738,"total_flos":5.849121367837901e+16,"train_loss":1.1370285163845932,"_step":22,"_wandb":{"runtime":3139},"train_steps_per_second":0.036,"train_runtime":3133.2195,"_timestamp":1.7462461701947162e+09,"_runtime":3132.807040416,"train/epoch":2.9419354838709677,"train/global_step":114,"train/loss":0.8442,"train/grad_norm":0.46685799956321716,"train_samples_per_second":4.745,"eval/runtime":0.5752}