{"train_samples_per_second":4.614,"total_flos":9.722423879309722e+16,"train/learning_rate":5.999999999999999e-06,"train_runtime":4230.3842,"train/loss":0.2554,"train_steps_per_second":0.035,"_wandb":{"runtime":4236},"_runtime":4229.993096972,"train/grad_norm":0.293247789144516,"_step":30,"train_loss":0.6439016707738241,"train/epoch":2.9484029484029484,"eval/steps_per_second":1.681,"_timestamp":1.7462369153585453e+09,"eval/runtime":0.5947,"train/global_step":150,"eval/samples_per_second":1.681,"eval/loss":0.4202063977718353}