{"eval/runtime":0.5692,"train/epoch":2.9419354838709677,"_wandb":{"runtime":3122},"train/learning_rate":8.57142857142857e-05,"train/grad_norm":0.8883870840072632,"train_steps_per_second":0.037,"train/loss":0.8591,"train/global_step":114,"_runtime":3115.737534091,"_step":22,"eval/loss":0.8896468877792358,"train_samples_per_second":4.771,"train_loss":1.3220977197613633,"train_runtime":3116.1697,"eval/steps_per_second":1.757,"eval/samples_per_second":1.757,"total_flos":5.638168422265651e+16,"_timestamp":1.746947864634062e+09}