{"eval/loss":0.3082294166088104,"train/grad_norm":0.46227768063545227,"eval/steps_per_second":2.158,"train_samples_per_second":5.477,"train_runtime":3564.4601,"eval/samples_per_second":2.158,"_runtime":3564.065529821,"_timestamp":1.7473136171315854e+09,"train_loss":0.7279944292704265,"train/learning_rate":0,"_step":30,"_wandb":{"runtime":3569},"train/epoch":2.9484029484029484,"train_steps_per_second":0.042,"total_flos":9.458867200691405e+16,"train/loss":0.2827,"train/global_step":150,"eval/runtime":0.4633}