{"_step":100,"train/global_step":500,"train_samples_per_second":4.548,"train/grad_norm":0.17640963196754456,"train/loss":0.1011,"eval/samples_per_second":1.621,"_runtime":14307.330053921,"train/epoch":9.828009828009828,"total_flos":3.224892143564882e+17,"eval/steps_per_second":1.621,"eval/runtime":0.6169,"eval/loss":0.2611362040042877,"_timestamp":1.7423882322981453e+09,"train_loss":0.31398539352416993,"train_runtime":14307.741,"_wandb":{"runtime":14308},"train_steps_per_second":0.035,"train/learning_rate":2.2499999999999996e-06}