{"train/epoch":2.9484029484029484,"_timestamp":1.7420202776310573e+09,"train_runtime":4763.938,"train/global_step":150,"train_loss":0.665765659014384,"eval/steps_per_second":1.586,"train/grad_norm":0.30600225925445557,"_wandb":{"runtime":4768},"train/learning_rate":1.1999999999999999e-05,"eval/loss":0.3195970058441162,"total_flos":9.66030111672238e+16,"_runtime":4763.525726994,"train/loss":0.2702,"eval/samples_per_second":1.586,"train_steps_per_second":0.031,"eval/runtime":0.6307,"_step":30,"train_samples_per_second":4.098}