{"train/loss":0.0806,"total_flos":1.932483128650629e+17,"_step":56,"train_samples_per_second":5.211,"_timestamp":1.7423694426114373e+09,"train_runtime":7037.4078,"_runtime":7037.010067271,"eval/runtime":0.5442,"eval/samples_per_second":1.837,"train/epoch":9.760348583877995,"train_loss":0.45133110348667416,"train/global_step":280,"_wandb":{"runtime":7042},"train_steps_per_second":0.04,"train/grad_norm":0.2130081206560135,"eval/loss":0.9735863208770752,"train/learning_rate":0,"eval/steps_per_second":1.837}