{"train/global_step":150,"eval/steps_per_second":1.503,"eval/loss":0.29898902773857117,"_runtime":4717.686339424,"train_steps_per_second":0.032,"_timestamp":1.7463157264585676e+09,"_step":30,"_wandb":{"runtime":4718},"eval/runtime":0.6653,"total_flos":9.721865836914278e+16,"eval/samples_per_second":1.503,"train/learning_rate":1.1999999999999999e-05,"train/grad_norm":0.3139454424381256,"train/epoch":2.9484029484029484,"train_runtime":4718.1222,"train/loss":0.2735,"train_samples_per_second":4.137,"train_loss":0.6662961943944296}