{"_runtime":31591.498237158,"train_samples_per_second":2.706,"train/loss":0.1401,"eval/runtime":2.2039,"_step":132,"train/epoch":9.878391019644528,"_wandb":{"runtime":31596},"_timestamp":1.745782815589165e+09,"train_steps_per_second":0.021,"eval/samples_per_second":0.454,"eval/loss":0.47929254174232483,"train/grad_norm":0.1641508787870407,"train_runtime":31592.0035,"total_flos":2.5653851843670835e+17,"eval/steps_per_second":0.454,"train_loss":0.31683642268180845,"train/global_step":660,"train/learning_rate":1.0714285714285714e-06}