{"eval/steps_per_second":1.785,"train_loss":0.822253021326932,"train/global_step":198,"total_flos":7.036105300357939e+16,"train_steps_per_second":0.034,"_runtime":5741.237552082,"_timestamp":1.7471279947200253e+09,"train/loss":0.4561,"_step":38,"eval/loss":0.847587525844574,"eval/samples_per_second":1.785,"_wandb":{"runtime":5742},"train/epoch":2.963517305893358,"train/learning_rate":2.448979591836734e-05,"train/grad_norm":0.4726603031158447,"train_samples_per_second":4.467,"eval/runtime":0.5603,"train_runtime":5741.6504}