{"_timestamp":1.742626263162081e+09,"train/global_step":1000,"eval/samples_per_second":1.467,"train_runtime":29545.0376,"train/learning_rate":6.666666666666666e-07,"train/grad_norm":0.10557959973812103,"eval/loss":0.3115440011024475,"train_steps_per_second":0.034,"train_samples_per_second":4.405,"_wandb":{"runtime":29545},"total_flos":6.436036398242857e+17,"eval/runtime":0.6819,"train/epoch":19.656019656019655,"_step":200,"train/loss":0.0821,"_runtime":29544.63627021,"eval/steps_per_second":1.467,"train_loss":0.20373464649915696}