{"_wandb":{"runtime":8898},"train/learning_rate":1.0714285714285714e-06,"train/global_step":380,"eval/loss":1.0258702039718628,"_runtime":8893.955837924,"_step":76,"eval/samples_per_second":1.887,"train_runtime":8894.3633,"eval/steps_per_second":1.887,"_timestamp":1.7424230923761508e+09,"train/epoch":9.806451612903226,"total_flos":1.93804329349546e+17,"train_loss":0.5275034195498416,"train/loss":0.1052,"train_steps_per_second":0.043,"train_samples_per_second":5.572,"train/grad_norm":0.1784527450799942,"eval/runtime":0.53}