{"eval/samples_per_second":1.916,"train/epoch":2.9484029484029484,"total_flos":9.66335158122578e+16,"_runtime":3818.10936645,"eval/steps_per_second":1.916,"train_steps_per_second":0.039,"_wandb":{"runtime":3823},"_step":30,"train/learning_rate":2.3999999999999997e-05,"eval/runtime":0.5219,"train_loss":0.6784298324584961,"train/grad_norm":0.2903711199760437,"_timestamp":1.739945160884912e+09,"train/global_step":150,"train_samples_per_second":5.112,"train/loss":0.2716,"eval/loss":0.27638739347457886,"train_runtime":3818.7558}