{"train_steps_per_second":0.062,"_step":22,"eval/loss":0.7352856397628784,"train/epoch":2.9419354838709677,"_runtime":1843.157998792,"total_flos":5.767817890627584e+16,"_timestamp":1.7461073230600493e+09,"train/grad_norm":0.45322665572166443,"train_runtime":1843.5883,"train/learning_rate":0.00012857142857142855,"eval/samples_per_second":2.857,"train/global_step":114,"eval/runtime":0.35,"train/loss":0.8517,"_wandb":{"runtime":1844},"train_samples_per_second":8.065,"train_loss":1.1767375950227703,"eval/steps_per_second":2.857}