{"train/grad_norm":0.07789883017539978,"train/epoch":19.52069716775599,"eval/steps_per_second":1.56,"_step":112,"eval/samples_per_second":1.56,"total_flos":3.864175909679923e+17,"train_loss":0.26534020602703096,"eval/runtime":0.6411,"_wandb":{"runtime":16732},"train/learning_rate":0,"train/global_step":560,"_runtime":16727.52102411,"train_steps_per_second":0.033,"train/loss":0.072,"eval/loss":1.3945456743240356,"train_runtime":16727.9466,"train_samples_per_second":4.384,"_timestamp":1.742584962411254e+09}