{"train/grad_norm":0.47429853677749634,"train_steps_per_second":0.04,"train_samples_per_second":5.197,"train_runtime":4935.8337,"_timestamp":1.7469384265262723e+09,"train/learning_rate":2.7551020408163265e-05,"eval/steps_per_second":1.827,"train/global_step":198,"total_flos":7.037622323557171e+16,"train_loss":0.8036310696842695,"eval/runtime":0.5473,"train/loss":0.4272,"_runtime":4935.432322156,"eval/samples_per_second":1.827,"train/epoch":2.963517305893358,"eval/loss":0.8869856595993042,"_step":38,"_wandb":{"runtime":4941}}