{"eval/loss":0.6535007357597351,"total_flos":1.163647815202898e+17,"_runtime":4925.047162828,"train_runtime":4925.4358,"_step":44,"train_steps_per_second":0.046,"train/grad_norm":0.6201015114784241,"eval/samples_per_second":1.989,"_timestamp":1.7473072290976713e+09,"eval/steps_per_second":1.989,"train_loss":1.056417889762343,"train/epoch":2.9950738916256157,"train_samples_per_second":5.932,"train/loss":0.7613,"_wandb":{"runtime":4930},"eval/runtime":0.5027,"train/learning_rate":1.875e-05,"train/global_step":228}