{"train_runtime":3175.0432,"train_steps_per_second":0.036,"total_flos":5.813353398612787e+16,"eval/loss":0.7008447647094727,"train_loss":1.1685254406510739,"_runtime":3174.227245211,"eval/samples_per_second":1.684,"_wandb":{"runtime":3174},"_step":22,"eval/runtime":0.5939,"_timestamp":1.7404214379211686e+09,"train/learning_rate":0.00012857142857142855,"train/loss":0.8514,"eval/steps_per_second":1.684,"train/global_step":114,"train_samples_per_second":4.683,"train/epoch":2.9419354838709677,"train/grad_norm":0.43693816661834717}