{"train/epoch":9.878391019644528,"_runtime":17599.624535025,"train_runtime":17600.1578,"_timestamp":1.7423907340940661e+09,"train_samples_per_second":4.858,"train/learning_rate":5.357142857142857e-07,"eval/steps_per_second":1.611,"_wandb":{"runtime":17604},"eval/samples_per_second":1.611,"eval/runtime":0.6209,"total_flos":2.5651633324032e+17,"eval/loss":0.4227443039417267,"train/global_step":660,"_step":132,"train_steps_per_second":0.037,"train/grad_norm":0.1475895792245865,"train/loss":0.1405,"train_loss":0.32003247900442644}