{"_timestamp":1.7463440128032084e+09,"train_runtime":3902.5077,"eval/runtime":0.6909,"_wandb":{"runtime":3908},"train/learning_rate":0.00015,"_step":22,"eval/loss":0.721466600894928,"train/global_step":114,"train_samples_per_second":3.81,"train/loss":0.8566,"eval/samples_per_second":1.447,"_runtime":3902.064066308,"total_flos":5.848563325442458e+16,"eval/steps_per_second":1.447,"train/epoch":2.9419354838709677,"train_steps_per_second":0.029,"train_loss":1.1581667076077378,"train/grad_norm":0.4394959807395935}