{"train/grad_norm":0.5648176670074463,"train/loss":0.6871,"train/global_step":84,"eval/samples_per_second":1.573,"train_runtime":2533.3886,"total_flos":5.812798768703078e+16,"train_loss":1.0361031180336362,"eval/loss":0.7711559534072876,"_runtime":2533.017636,"_step":16,"train/learning_rate":0.000234,"_wandb":{"runtime":2533},"eval/steps_per_second":1.573,"train_steps_per_second":0.033,"_timestamp":1.7420043506524806e+09,"eval/runtime":0.6356,"train/epoch":2.928104575163399,"train_samples_per_second":4.342}