{"_runtime":6159.410192625,"eval/samples_per_second":1.699,"train/loss":0.7742,"_step":44,"train/learning_rate":2.1093749999999998e-05,"eval/runtime":0.5886,"train/grad_norm":0.4798926115036011,"total_flos":1.180224716364841e+17,"_wandb":{"runtime":6160},"train/global_step":228,"_timestamp":1.7404181230383255e+09,"train_samples_per_second":4.744,"train/epoch":2.9950738916256157,"eval/loss":0.5762383341789246,"train_loss":0.9767292717046905,"train_steps_per_second":0.037,"train_runtime":6159.8496,"eval/steps_per_second":1.699}