{"_timestamp":1.742562695506786e+09,"eval/runtime":0.6288,"eval/steps_per_second":1.59,"eval/samples_per_second":1.59,"train_runtime":16148.4899,"total_flos":3.863874329666519e+17,"_runtime":16147.924535822,"eval/loss":1.171694278717041,"train_samples_per_second":4.542,"_step":112,"train/global_step":560,"train/grad_norm":0.07074978202581406,"train/epoch":19.52069716775599,"_wandb":{"runtime":16148},"train/loss":0.0718,"train_steps_per_second":0.035,"train_loss":0.26771314165421894,"train/learning_rate":6.521739130434782e-07}