{"train/learning_rate":0,"eval/runtime":0.6498,"train/loss":0.0669,"train/epoch":9.743589743589745,"_timestamp":1.7423629919717693e+09,"eval/steps_per_second":1.539,"train/global_step":190,"total_flos":1.5823903303316275e+17,"train_runtime":6202.9678,"_wandb":{"runtime":6207},"eval/loss":1.085010290145874,"eval/samples_per_second":1.539,"train_steps_per_second":0.031,"_runtime":6202.545225548,"train_samples_per_second":4.013,"train_loss":0.6010190665721893,"train/grad_norm":0.16041633486747742,"_step":38}