{"eval/runtime":0.6149,"train/learning_rate":0.00023999999999999998,"_runtime":2511.930217427,"total_flos":5.84716821945385e+16,"train/grad_norm":0.5801400542259216,"train_runtime":2512.3347,"train_samples_per_second":4.379,"train_steps_per_second":0.033,"train/global_step":84,"_timestamp":1.7462274836192317e+09,"eval/samples_per_second":1.626,"eval/steps_per_second":1.626,"train/epoch":2.928104575163399,"train/loss":0.6455,"_wandb":{"runtime":2518},"_step":16,"eval/loss":0.7459936141967773,"train_loss":1.0097597468466986}