{"train/global_step":420,"eval/steps_per_second":1.603,"_timestamp":1.7424406917953112e+09,"train_samples_per_second":4.531,"train/loss":0.0706,"eval/loss":1.41592538356781,"_step":84,"_runtime":12140.101245138,"eval/samples_per_second":1.603,"train_runtime":12140.5843,"train_loss":0.32516061266263324,"train/epoch":14.640522875816993,"train/grad_norm":0.09077101200819016,"_wandb":{"runtime":12141},"total_flos":2.899154531155968e+17,"train_steps_per_second":0.035,"train/learning_rate":0,"eval/runtime":0.6238}