{"train/grad_norm":0.5688385963439941,"eval/samples_per_second":1.774,"eval/steps_per_second":1.774,"_timestamp":1.746944629833654e+09,"train/loss":0.7719,"_runtime":5964.123210183,"eval/loss":0.6825956702232361,"train_runtime":5964.5195,"_wandb":{"runtime":5970},"train/global_step":228,"train/epoch":2.9950738916256157,"eval/runtime":0.5636,"_step":44,"train_steps_per_second":0.038,"train_loss":1.0628005245275665,"total_flos":1.1639512198427443e+17,"train_samples_per_second":4.899,"train/learning_rate":2.1093749999999998e-05}