{"eval/samples_per_second":1.636,"train/loss":0.1408,"train_runtime":34439.2123,"train/global_step":1320,"train_samples_per_second":4.965,"train/epoch":19.756782039289057,"_wandb":{"runtime":34443},"train_steps_per_second":0.038,"train/grad_norm":0.09483964741230011,"_step":264,"eval/loss":0.47055619955062866,"eval/steps_per_second":1.636,"eval/runtime":0.6111,"train/learning_rate":1.4754098360655737e-06,"total_flos":5.128551849095332e+17,"_runtime":34438.787412688,"train_loss":0.2581695764353781,"_timestamp":1.7426195277540126e+09}