{"train/loss":0.3686,"train_loss":0.653767831397779,"train/global_step":198,"_step":38,"train/learning_rate":3.061224489795918e-05,"_wandb":{"runtime":3021},"train_steps_per_second":0.066,"eval/samples_per_second":2.847,"eval/loss":0.7581355571746826,"total_flos":7.634103240543437e+16,"train_samples_per_second":8.491,"eval/steps_per_second":2.847,"_timestamp":1.7460989854235928e+09,"_runtime":3020.383692512,"train_runtime":3020.8068,"train/epoch":2.963517305893358,"train/grad_norm":0.37327712774276733,"eval/runtime":0.3512}