{"train/learning_rate":3.061224489795918e-05,"train/grad_norm":0.3825644254684448,"_wandb":{"runtime":14214},"train/epoch":2.963517305893358,"train_steps_per_second":0.014,"_runtime":14213.704558608,"total_flos":7.740048024797184e+16,"train/loss":0.3805,"eval/loss":0.749235212802887,"eval/steps_per_second":0.244,"train_samples_per_second":1.805,"eval/samples_per_second":0.244,"eval/runtime":4.0938,"_timestamp":1.746253009151854e+09,"train_loss":0.6510389814473162,"_step":38,"train/global_step":198,"train_runtime":14214.133}