{"_timestamp":1.7457790773686984e+09,"train/global_step":660,"train/learning_rate":1.0714285714285714e-06,"eval/samples_per_second":0.597,"train/loss":0.1422,"total_flos":2.565551573339996e+17,"train_samples_per_second":2.947,"eval/runtime":1.6749,"eval/loss":0.3895523250102997,"train/epoch":9.878391019644528,"eval/steps_per_second":0.597,"train_steps_per_second":0.023,"_runtime":29010.575081204,"_step":132,"train_runtime":29011.556,"_wandb":{"runtime":29015},"train/grad_norm":0.19301585853099823,"train_loss":0.33926620664018575}