{"train/learning_rate":2.3437499999999997e-05,"_runtime":7045.235668078,"_step":44,"eval/loss":0.576585590839386,"eval/runtime":0.8855,"train_loss":0.9831291248923854,"train_runtime":7045.632,"total_flos":1.1800999246351565e+17,"_wandb":{"runtime":7046},"eval/steps_per_second":1.129,"train_samples_per_second":4.147,"train/epoch":2.9950738916256157,"train/grad_norm":0.4893063008785248,"_timestamp":1.7404695084810493e+09,"train/loss":0.7738,"train_steps_per_second":0.032,"eval/samples_per_second":1.129,"train/global_step":228}