{"eval/steps_per_second":1.675,"_runtime":25553.858791736,"train_steps_per_second":0.039,"eval/samples_per_second":1.675,"_wandb":{"runtime":25554},"train/learning_rate":1.0112359550561797e-06,"_timestamp":1.7424663795800335e+09,"train/epoch":14.81758652946679,"train_samples_per_second":5.019,"train_runtime":25554.2686,"train/global_step":990,"train/grad_norm":0.1111229956150055,"eval/loss":0.44370320439338684,"eval/runtime":0.5971,"train_loss":0.26458534050469446,"train/loss":0.1381,"total_flos":3.847162637199606e+17,"_step":198}