{"_timestamp":1.7423964031776104e+09,"train_samples_per_second":5.269,"_wandb":{"runtime":12354},"eval/samples_per_second":1.693,"train/loss":0.0992,"train_runtime":12350.3768,"train/global_step":500,"_step":100,"train_loss":0.3051448426246643,"_runtime":12349.933235331,"eval/steps_per_second":1.693,"train/learning_rate":1.4999999999999998e-06,"train/epoch":9.828009828009828,"total_flos":3.223678890637394e+17,"train/grad_norm":0.18145307898521423,"eval/loss":0.23040799796581268,"eval/runtime":0.5906,"train_steps_per_second":0.04}