{"_timestamp":1.7463493178191822e+09,"train_samples_per_second":3.776,"train/grad_norm":0.32440638542175293,"train/epoch":2.9484029484029484,"train_steps_per_second":0.029,"train_runtime":5169.557,"train/learning_rate":1.7999999999999997e-05,"eval/samples_per_second":1.431,"train/global_step":150,"_runtime":5169.116593364,"total_flos":9.71879660373934e+16,"eval/loss":0.2814060151576996,"train_loss":0.661804871559143,"eval/steps_per_second":1.431,"_wandb":{"runtime":5175},"_step":30,"train/loss":0.2713,"eval/runtime":0.6988}