{"eval/steps_per_second":1.729,"train/grad_norm":0.4674490690231323,"train_steps_per_second":0.038,"total_flos":1.1873189026647245e+17,"train_runtime":5932.494,"eval/samples_per_second":1.729,"eval/runtime":0.5783,"train/loss":0.6768,"train/global_step":228,"eval/loss":0.5800547003746033,"_step":44,"train/epoch":2.9950738916256157,"train_samples_per_second":4.925,"_runtime":5932.073402941,"train/learning_rate":2.3437499999999997e-05,"_wandb":{"runtime":5938},"_timestamp":1.7462429436716409e+09,"train_loss":0.9245398337380928}