{"eval/runtime":0.5329,"_wandb":{"runtime":12098},"_runtime":12093.716937515,"train/global_step":500,"eval/loss":0.2810797691345215,"_timestamp":1.739979620410349e+09,"train/epoch":9.828009828009828,"train/grad_norm":0.1985599845647812,"eval/steps_per_second":1.877,"train_samples_per_second":5.38,"train/loss":0.0995,"train/learning_rate":7.499999999999999e-07,"eval/samples_per_second":1.877,"total_flos":3.224576697803735e+17,"train_runtime":12094.2219,"_step":100,"train_loss":0.3031923623085022,"train_steps_per_second":0.041}