{"train_runtime":4887.0696,"train/global_step":198,"train_samples_per_second":5.249,"_runtime":4886.678773313,"eval/loss":0.7374963164329529,"eval/steps_per_second":1.87,"_wandb":{"runtime":4891},"_step":38,"train/loss":0.3977,"eval/runtime":0.5348,"train_loss":0.6629034112198184,"train/epoch":2.963517305893358,"eval/samples_per_second":1.87,"train/grad_norm":0.3729817569255829,"train_steps_per_second":0.041,"train/learning_rate":3.061224489795918e-05,"total_flos":7.69354879252562e+16,"_timestamp":1.7420019106452763e+09}