{"train/global_step":750,"eval/samples_per_second":1.641,"train_steps_per_second":0.035,"train_runtime":21416.4112,"train/grad_norm":0.11388646066188812,"_wandb":{"runtime":21416},"_step":150,"eval/steps_per_second":1.641,"train/loss":0.0926,"_runtime":21415.943754856,"train_loss":0.24125638302167257,"train_samples_per_second":4.557,"train/epoch":14.742014742014742,"_timestamp":1.7424879323652363e+09,"eval/runtime":0.6095,"total_flos":4.8318075152164454e+17,"train/learning_rate":9.23076923076923e-07,"eval/loss":0.291212797164917}