{"train_runtime":3450.7217,"eval/steps_per_second":1.507,"train/grad_norm":0.48461028933525085,"eval/samples_per_second":1.507,"train/learning_rate":0.00015,"total_flos":5.849260878436762e+16,"train/global_step":114,"eval/runtime":0.6636,"eval/loss":0.6876305937767029,"_timestamp":1.7463393000894282e+09,"_step":22,"train/loss":0.8389,"train_samples_per_second":4.309,"train_loss":1.142657248597396,"train/epoch":2.9419354838709677,"train_steps_per_second":0.033,"_runtime":3450.293441075,"_wandb":{"runtime":3451}}