{"train/global_step":150,"_timestamp":1.742017774766921e+09,"eval/samples_per_second":1.873,"eval/steps_per_second":1.873,"train/grad_norm":0.3208056688308716,"train/learning_rate":1.1999999999999999e-05,"train_steps_per_second":0.038,"train/loss":0.2794,"train/epoch":2.9484029484029484,"eval/loss":0.26843008399009705,"total_flos":9.663628896180634e+16,"train_samples_per_second":4.989,"eval/runtime":0.534,"_runtime":3912.761800949,"train_runtime":3913.1597,"_wandb":{"runtime":3917},"train_loss":0.6895604530970255,"_step":30}