{"train_steps_per_second":0.017,"eval/runtime":2.3058,"_step":22,"train_runtime":6639.9825,"train/learning_rate":0.00012857142857142855,"train_samples_per_second":2.239,"train/epoch":2.9419354838709677,"train/global_step":114,"total_flos":5.768368254930125e+16,"eval/steps_per_second":0.434,"_runtime":6639.460337508,"_timestamp":1.7461356000883539e+09,"eval/loss":0.7443999648094177,"_wandb":{"runtime":6643},"train/grad_norm":0.44549915194511414,"train_loss":1.1782787076213903,"train/loss":0.8515,"eval/samples_per_second":0.434}