{"train_samples_per_second":4.488,"train_runtime":14498.0816,"train/epoch":9.828009828009828,"_timestamp":1.7424053608304892e+09,"train/grad_norm":0.1657656729221344,"_step":100,"eval/samples_per_second":1.602,"eval/steps_per_second":1.602,"_wandb":{"runtime":14502},"train/learning_rate":2.2499999999999996e-06,"eval/runtime":0.6244,"total_flos":3.223994336398541e+17,"train_steps_per_second":0.034,"train/global_step":500,"_runtime":14497.646598624,"train/loss":0.099,"eval/loss":0.2580231726169586,"train_loss":0.33450781190395357}