{"train_runtime":3055.0815,"train/learning_rate":0.00023999999999999998,"train/grad_norm":0.6471094489097595,"train/global_step":84,"eval/runtime":0.9079,"train_samples_per_second":3.601,"_runtime":3054.646003005,"eval/loss":0.7520780563354492,"eval/steps_per_second":1.101,"total_flos":5.846610177058406e+16,"_timestamp":1.746228056213002e+09,"eval/samples_per_second":1.101,"train/epoch":2.928104575163399,"_wandb":{"runtime":3055},"train_loss":1.0260362511589414,"train_steps_per_second":0.027,"_step":16,"train/loss":0.6771}