{"train_samples_per_second":4.253,"train_steps_per_second":0.032,"eval/loss":1.3573603630065918,"_runtime":11703.693127805,"train/learning_rate":0,"train/grad_norm":0.06821241974830627,"_wandb":{"runtime":11704},"eval/steps_per_second":1.574,"train/epoch":19.487179487179485,"eval/runtime":0.6352,"train/loss":0.0583,"train_runtime":11704.1013,"train_loss":0.3293021843621605,"eval/samples_per_second":1.574,"train/global_step":380,"total_flos":3.1629122511549235e+17,"_step":76,"_timestamp":1.7425464160108373e+09}