{"eval/samples_per_second":1.613,"total_flos":5.900097516491244e+17,"train/grad_norm":0.14511984586715698,"eval/loss":0.7961735129356384,"_step":228,"train_samples_per_second":4.635,"eval/runtime":0.6201,"eval/steps_per_second":1.613,"train/loss":0.1107,"train_runtime":31523.366,"train_steps_per_second":0.036,"train/epoch":14.975369458128078,"_wandb":{"runtime":31527},"train/learning_rate":8.653846153846153e-07,"_timestamp":1.7425399014399478e+09,"train_loss":0.35126264513584604,"_runtime":31522.895229073,"train/global_step":1140}