{"train/grad_norm":0.35640475153923035,"train/global_step":198,"_wandb":{"runtime":5018},"eval/loss":0.5196326375007629,"train/learning_rate":3.6734693877551016e-05,"_step":38,"eval/samples_per_second":1.736,"eval/runtime":0.5761,"train_runtime":5011.8189,"train_loss":0.6255692074997257,"total_flos":7.740606067192627e+16,"train_steps_per_second":0.04,"train_samples_per_second":5.118,"train/loss":0.3544,"eval/steps_per_second":1.736,"train/epoch":2.963517305893358,"_runtime":5011.421376657,"_timestamp":1.7462325892117734e+09}