{"train_steps_per_second":0.063,"train_samples_per_second":8.112,"train_loss":0.9596342559446368,"train/epoch":2.9950738916256157,"train/loss":0.7299,"train_runtime":3602.2032,"_timestamp":1.7461051370765278e+09,"_wandb":{"runtime":3603},"train/grad_norm":0.47797444462776184,"_runtime":3601.766204093,"train/learning_rate":2.1093749999999998e-05,"eval/samples_per_second":2.807,"eval/steps_per_second":2.807,"eval/loss":0.5965616703033447,"_step":44,"eval/runtime":0.3562,"total_flos":1.1711201993765683e+17,"train/global_step":228}