{"total_flos":5.636347994426573e+16,"_step":22,"train/grad_norm":0.7874088287353516,"train_loss":1.3459551313467193,"train_runtime":3468.4603,"train_samples_per_second":4.287,"train/learning_rate":8.57142857142857e-05,"_runtime":3467.992188715,"eval/loss":0.8148816227912903,"eval/samples_per_second":1.729,"_wandb":{"runtime":3469},"train/global_step":114,"eval/runtime":0.5784,"train/epoch":2.9419354838709677,"train/loss":0.878,"train_steps_per_second":0.033,"_timestamp":1.7468407713769643e+09,"eval/steps_per_second":1.729}