{"_wandb":{"runtime":15945},"_runtime":15940.356660773,"train/learning_rate":1.9148936170212763e-06,"train_runtime":15940.8689,"_step":114,"eval/samples_per_second":1.612,"train_samples_per_second":4.663,"train/loss":0.1012,"train/global_step":570,"train/epoch":14.709677419354838,"total_flos":2.904097670226248e+17,"train/grad_norm":0.12372767180204391,"eval/loss":1.1109145879745483,"_timestamp":1.7425559678185015e+09,"eval/steps_per_second":1.612,"train_steps_per_second":0.036,"train_loss":0.4003129475995114,"eval/runtime":0.6202}