{"_step":16,"train/grad_norm":1.0662274360656738,"train/global_step":84,"train_samples_per_second":3.494,"train_steps_per_second":0.027,"_timestamp":1.7471004524069374e+09,"_runtime":3148.037645007,"train/epoch":2.928104575163399,"eval/steps_per_second":1.542,"total_flos":5.632365808528589e+16,"eval/loss":0.9076976180076599,"train_loss":1.2484941028413319,"eval/runtime":0.6483,"_wandb":{"runtime":3149},"train/learning_rate":0.00023999999999999998,"train/loss":0.7198,"train_runtime":3148.4681,"eval/samples_per_second":1.542}