{"eval/loss":0.2956351935863495,"train_runtime":4721.7648,"total_flos":9.723644597049754e+16,"train/learning_rate":1.7999999999999997e-05,"train_samples_per_second":4.134,"_wandb":{"runtime":4722},"eval/steps_per_second":1.457,"_step":30,"_timestamp":1.7462387293989735e+09,"train/loss":0.2611,"_runtime":4721.370990856,"eval/samples_per_second":1.457,"train_loss":0.6574585835138956,"train/epoch":2.9484029484029484,"eval/runtime":0.6863,"train_steps_per_second":0.032,"train/global_step":150,"train/grad_norm":0.3402743637561798}