{"train/learning_rate":0.00010714285714285714,"_runtime":2880.265566021,"train/loss":0.8898,"total_flos":5.637561612985958e+16,"train_loss":1.3407425441240008,"eval/steps_per_second":1.831,"eval/loss":0.880603015422821,"_timestamp":1.7473921405652065e+09,"train/global_step":114,"eval/runtime":0.5461,"train_samples_per_second":5.161,"train/epoch":2.9419354838709677,"_wandb":{"runtime":2881},"_step":22,"train_steps_per_second":0.04,"train/grad_norm":1.3368858098983765,"train_runtime":2880.6944,"eval/samples_per_second":1.831}