{"eval/steps_per_second":2.802,"train/loss":0.2877,"eval/loss":0.31591203808784485,"_runtime":2553.995157269,"train_samples_per_second":7.642,"train/grad_norm":0.325626403093338,"train/global_step":150,"train/learning_rate":5.999999999999999e-06,"total_flos":9.589753994084352e+16,"eval/samples_per_second":2.802,"train/epoch":2.9484029484029484,"_step":30,"train_runtime":2554.4054,"_wandb":{"runtime":2555},"train_loss":0.6935110155741374,"train_steps_per_second":0.059,"eval/runtime":0.3569,"_timestamp":1.7461013749824555e+09}