{"train/epoch":2.963517305893358,"train/global_step":198,"train/learning_rate":2.7551020408163265e-05,"eval/loss":0.7588245272636414,"_runtime":2977.794773912,"_step":38,"eval/runtime":0.3504,"train_runtime":2978.3204,"train/grad_norm":0.36350688338279724,"train_loss":0.6382784096881596,"total_flos":7.635203969148518e+16,"train_samples_per_second":8.612,"train/loss":0.357,"train_steps_per_second":0.066,"_timestamp":1.7460986966842406e+09,"eval/steps_per_second":2.854,"_wandb":{"runtime":2979},"eval/samples_per_second":2.854}