{"train/epoch":2.9484029484029484,"train/learning_rate":1.7999999999999997e-05,"eval/steps_per_second":1.867,"train_samples_per_second":4.807,"train/loss":0.2741,"train_steps_per_second":0.037,"_wandb":{"runtime":4065},"train_loss":0.6747993389765422,"_timestamp":1.7405476775021431e+09,"train_runtime":4060.6453,"eval/runtime":0.5356,"_runtime":4060.226393132,"_step":30,"eval/samples_per_second":1.867,"total_flos":9.661861013343437e+16,"eval/loss":0.2943052649497986,"train/global_step":150,"train/grad_norm":0.30618932843208313}