{"eval/samples_per_second":0.311,"train_samples_per_second":1.917,"train/learning_rate":2.1093749999999998e-05,"train_runtime":15240.4623,"_step":44,"train_steps_per_second":0.015,"train_loss":0.9708904592614425,"eval/loss":0.548232913017273,"train/grad_norm":0.45471635460853577,"_timestamp":1.746128869806499e+09,"eval/steps_per_second":0.311,"eval/runtime":3.2105,"total_flos":1.1711752358068224e+17,"train/global_step":228,"_wandb":{"runtime":15243},"_runtime":15239.998243459,"train/loss":0.7549,"train/epoch":2.9950738916256157}