{"total_flos":3.223983937087734e+17,"_step":100,"train/learning_rate":2.2499999999999996e-06,"train/loss":0.0999,"train_samples_per_second":5.261,"train/grad_norm":0.15895910561084747,"eval/runtime":0.5399,"_runtime":12367.680917092,"train/epoch":9.828009828009828,"train/global_step":500,"eval/samples_per_second":1.852,"_wandb":{"runtime":12368},"eval/loss":0.2302476316690445,"train_steps_per_second":0.04,"train_loss":0.3090322337150574,"_timestamp":1.7459161958448427e+09,"eval/steps_per_second":1.852,"train_runtime":12368.1949}