{"train/global_step":228,"eval/steps_per_second":1.63,"train/learning_rate":2.3437499999999997e-05,"_runtime":5893.31354994,"eval/runtime":0.6134,"_timestamp":1.7405546508968022e+09,"train_runtime":5893.8156,"_wandb":{"runtime":5899},"eval/samples_per_second":1.63,"train_loss":0.9701348271286279,"train/grad_norm":0.4878266453742981,"total_flos":1.1800583273919283e+17,"train/loss":0.7666,"train_samples_per_second":4.958,"train_steps_per_second":0.039,"eval/loss":0.5415802597999573,"train/epoch":2.9950738916256157,"_step":44}