{"eval/runtime":0.5363,"train_steps_per_second":0.043,"train_runtime":4627.6051,"_wandb":{"runtime":4628},"train/loss":0.4397,"eval/loss":0.7586275339126587,"train/global_step":198,"train/grad_norm":0.4624464511871338,"total_flos":7.037318918917325e+16,"train_loss":0.817605506290089,"train/epoch":2.963517305893358,"train_samples_per_second":5.543,"eval/samples_per_second":1.865,"_step":38,"_runtime":4627.202869813,"_timestamp":1.7473810877858548e+09,"eval/steps_per_second":1.865,"train/learning_rate":2.448979591836734e-05}