{"train_runtime":12764.6778,"eval/loss":1.2159241437911987,"total_flos":1.932548990952407e+17,"train_loss":0.4668275831001146,"_wandb":{"runtime":12769},"train/loss":0.0826,"train/global_step":280,"_step":56,"train/epoch":9.760348583877995,"eval/samples_per_second":0.923,"_timestamp":1.7457919785134478e+09,"eval/runtime":1.0839,"train/learning_rate":0,"_runtime":12764.13846906,"train_steps_per_second":0.022,"eval/steps_per_second":0.923,"train_samples_per_second":2.873,"train/grad_norm":0.21235111355781555}