{"_wandb":{"runtime":21697},"_runtime":21692.70385314,"train_runtime":21693.1212,"_timestamp":1.742427180066574e+09,"_step":152,"eval/samples_per_second":1.57,"total_flos":3.933615574375465e+17,"eval/runtime":0.6371,"train/global_step":760,"train_samples_per_second":4.49,"train_loss":0.4541640491862046,"eval/loss":0.8037853240966797,"train/loss":0.116,"train/epoch":9.983579638752053,"train/grad_norm":0.18147680163383484,"eval/steps_per_second":1.57,"train_steps_per_second":0.035,"train/learning_rate":9.09090909090909e-07}