{"total_flos":7.693271477570765e+16,"_wandb":{"runtime":5186},"_step":38,"train_loss":0.6841637859440813,"train/loss":0.4282,"train_runtime":5186.8298,"train/learning_rate":3.061224489795918e-05,"_runtime":5185.977670163,"eval/loss":0.7785609364509583,"eval/steps_per_second":1.679,"train/grad_norm":0.37632516026496887,"train/epoch":2.963517305893358,"eval/samples_per_second":1.679,"train/global_step":198,"eval/runtime":0.5957,"train_samples_per_second":4.945,"_timestamp":1.7404091618103313e+09,"train_steps_per_second":0.038}