{"train_steps_per_second":0.035,"train/global_step":198,"train_samples_per_second":4.475,"train/learning_rate":2.7551020408163265e-05,"eval/loss":0.7640000581741333,"train_runtime":5732.3204,"train/loss":0.3567,"eval/samples_per_second":1.615,"total_flos":7.693271477570765e+16,"eval/steps_per_second":1.615,"_timestamp":1.7420017167565408e+09,"train_loss":0.6271259640202378,"eval/runtime":0.6192,"_wandb":{"runtime":5740},"train/grad_norm":0.34764930605888367,"_runtime":5731.679161934,"train/epoch":2.963517305893358,"_step":38}