{"_wandb":{"runtime":4535},"train_loss":0.7289457416534424,"eval/loss":0.3517424166202545,"train_samples_per_second":4.305,"train/grad_norm":0.42170217633247375,"eval/runtime":0.5772,"train/epoch":2.9484029484029484,"train_runtime":4534.7948,"train/learning_rate":0,"train/global_step":150,"_runtime":4534.20874343,"eval/samples_per_second":1.733,"_step":30,"eval/steps_per_second":1.733,"train_steps_per_second":0.033,"train/loss":0.2777,"_timestamp":1.7471389685411386e+09,"total_flos":9.46531454928814e+16}