{"train_samples_per_second":4.33,"train/grad_norm":0.47531628608703613,"_wandb":{"runtime":6752},"_step":44,"train/epoch":2.9950738916256157,"eval/steps_per_second":1.595,"train_runtime":6748.1567,"total_flos":1.1800305958964429e+17,"train/learning_rate":2.3437499999999997e-05,"_runtime":6747.681767554,"eval/samples_per_second":1.595,"eval/loss":0.5458946824073792,"eval/runtime":0.6268,"_timestamp":1.7420116876317406e+09,"train/global_step":228,"train/loss":0.6968,"train_loss":0.9397469298881397,"train_steps_per_second":0.034}