{"train/loss":0.7466,"total_flos":1.1711752358068224e+17,"train/learning_rate":2.3437499999999997e-05,"train_samples_per_second":8.097,"train_loss":0.9683353085266916,"eval/steps_per_second":2.89,"train/epoch":2.9950738916256157,"eval/loss":0.5598258376121521,"eval/samples_per_second":2.89,"train_steps_per_second":0.063,"_wandb":{"runtime":3608},"train/grad_norm":0.4700378179550171,"train/global_step":228,"train_runtime":3608.6223,"eval/runtime":0.346,"_timestamp":1.7461053578022316e+09,"_runtime":3608.238786097,"_step":44}