{"train/grad_norm":0.25571519136428833,"train/loss":0.0829,"train_loss":0.47185238280466624,"_runtime":15811.792544998,"_wandb":{"runtime":15816},"eval/loss":1.168664574623108,"train_runtime":15812.2357,"total_flos":1.9318730357499494e+17,"_timestamp":1.7457987366922085e+09,"train_samples_per_second":2.319,"eval/samples_per_second":0.688,"eval/runtime":1.4526,"train_steps_per_second":0.018,"train/epoch":9.760348583877995,"train/learning_rate":1.6666666666666667e-06,"train/global_step":280,"eval/steps_per_second":0.688,"_step":56}