{"train/epoch":2.9950738916256157,"train_loss":0.9493110158987212,"train/learning_rate":2.3437499999999997e-05,"_wandb":{"runtime":8226},"train/grad_norm":0.44813624024391174,"_timestamp":1.7462641550078297e+09,"_runtime":8225.39047295,"train_samples_per_second":3.552,"train_runtime":8225.8324,"train/global_step":228,"eval/samples_per_second":0.774,"_step":44,"eval/loss":0.5344839096069336,"eval/runtime":1.2927,"total_flos":1.1874863153833574e+17,"train_steps_per_second":0.028,"train/loss":0.7289,"eval/steps_per_second":0.774}