{"eval/loss":0.991947591304779,"eval/steps_per_second":0.962,"eval/samples_per_second":0.962,"total_flos":1.9382512797116006e+17,"_timestamp":1.7458462645960445e+09,"train_steps_per_second":0.025,"eval/runtime":1.0395,"train/epoch":9.806451612903226,"_wandb":{"runtime":15299},"_step":76,"train/learning_rate":2.1428571428571427e-06,"_runtime":15298.160846761,"train_runtime":15298.7087,"train/grad_norm":0.1933857500553131,"train_loss":0.5340678619711022,"train_samples_per_second":3.239,"train/loss":0.1055,"train/global_step":380}