{"_timestamp":1.7459023910579891e+09,"train_loss":0.25144051396020567,"eval/loss":0.24337270855903625,"eval/runtime":0.5325,"total_flos":3.2533307921852006e+17,"_step":202,"train_steps_per_second":0.066,"train/grad_norm":0.21054653823375702,"_runtime":15264.017416939,"train_runtime":15264.5528,"train/learning_rate":2.3076923076923077e-06,"train_samples_per_second":4.263,"train/global_step":1010,"eval/samples_per_second":1.878,"_wandb":{"runtime":15264},"train/epoch":9.926289926289925,"eval/steps_per_second":1.878,"train/loss":0.1043}