{"total_flos":9.66463416289198e+16,"eval/runtime":1.0637,"train/loss":0.2622,"train/learning_rate":5.999999999999999e-06,"train_samples_per_second":3,"eval/loss":0.3317386209964752,"eval/steps_per_second":0.94,"eval/samples_per_second":0.94,"train/global_step":150,"train_steps_per_second":0.023,"_wandb":{"runtime":6507},"train/grad_norm":0.3268572986125946,"train/epoch":2.9484029484029484,"train_loss":0.6542783292134603,"_timestamp":1.7404813947409744e+09,"_step":30,"_runtime":6506.011091381,"train_runtime":6506.442}