{"train/epoch":2.9484029484029484,"train/global_step":150,"train_steps_per_second":0.06,"train/grad_norm":0.2992188334465027,"train_loss":0.6877909310658773,"_step":30,"eval/runtime":0.3467,"eval/loss":0.290355384349823,"train_samples_per_second":7.775,"train/loss":0.2851,"eval/samples_per_second":2.885,"train/learning_rate":1.1999999999999999e-05,"eval/steps_per_second":2.885,"train_runtime":2510.6106,"_wandb":{"runtime":2511},"_runtime":2510.212091267,"total_flos":9.588378083328e+16,"_timestamp":1.746101621085362e+09}