{"_timestamp":1.7463109026858113e+09,"eval/steps_per_second":1.533,"eval/samples_per_second":1.533,"train/learning_rate":0.00012857142857142855,"train_samples_per_second":4.265,"train_loss":1.1536674604081272,"eval/loss":0.747469425201416,"eval/runtime":0.6525,"train/grad_norm":0.6235656142234802,"train/global_step":114,"train_steps_per_second":0.033,"total_flos":5.849400389035622e+16,"train_runtime":3485.7492,"_runtime":3485.149143536,"train/loss":0.8561,"train/epoch":2.9419354838709677,"_step":22,"_wandb":{"runtime":3486}}