{"train_samples_per_second":4.201,"_step":44,"eval/runtime":0.6722,"train/global_step":228,"_wandb":{"runtime":6957},"train_steps_per_second":0.033,"eval/steps_per_second":1.488,"eval/samples_per_second":1.488,"train/loss":0.6959,"train/grad_norm":0.4534514546394348,"total_flos":1.1872630984251802e+17,"train_loss":0.9422710464711774,"train/learning_rate":2.3437499999999997e-05,"eval/loss":0.6095664501190186,"train_runtime":6956.3008,"_timestamp":1.7462458005049713e+09,"train/epoch":2.9950738916256157,"_runtime":6955.879735904}