{"train_steps_per_second":0.034,"_step":44,"train_loss":0.967304645923146,"_timestamp":1.739947686408906e+09,"train_runtime":6635.1603,"train/epoch":2.9950738916256157,"train/global_step":228,"eval/samples_per_second":1.626,"eval/steps_per_second":1.626,"_runtime":6634.404871261,"train/grad_norm":0.4688399136066437,"total_flos":1.18016925337387e+17,"train/learning_rate":2.3437499999999997e-05,"_wandb":{"runtime":6639},"train_samples_per_second":4.404,"train/loss":0.7451,"eval/loss":0.5742372870445251,"eval/runtime":0.615}