{"eval/loss":0.7631064653396606,"train/grad_norm":0.23542927205562592,"train/learning_rate":4.545454545454545e-07,"train/epoch":9.983579638752053,"eval/samples_per_second":0.897,"_timestamp":1.7458219913894835e+09,"total_flos":3.933726500357407e+17,"train/global_step":760,"train_samples_per_second":3.261,"eval/runtime":1.1154,"_wandb":{"runtime":29867},"_runtime":29863.541137244,"train_loss":0.4776152469609913,"train/loss":0.1185,"_step":152,"train_steps_per_second":0.025,"eval/steps_per_second":0.897,"train_runtime":29864.0668}