{"_wandb":{"runtime":37840},"total_flos":3.933712634609664e+17,"_step":152,"_timestamp":1.745836685954104e+09,"train/learning_rate":9.09090909090909e-07,"train/global_step":760,"train_runtime":37835.1468,"eval/runtime":1.1986,"eval/steps_per_second":0.834,"train/grad_norm":0.2353997826576233,"train_samples_per_second":2.574,"train/loss":0.119,"train_steps_per_second":0.02,"eval/samples_per_second":0.834,"_runtime":37834.842724972,"train/epoch":9.983579638752053,"eval/loss":0.9364403486251831,"train_loss":0.49034455842093416}