{"train_loss":1.3371200164159138,"train/epoch":2.9419354838709677,"_step":22,"train_steps_per_second":0.043,"eval/steps_per_second":2.14,"train/learning_rate":8.57142857142857e-05,"eval/samples_per_second":2.14,"eval/runtime":0.4672,"train_runtime":2623.1623,"train/grad_norm":0.8629749417304993,"_runtime":2622.698632261,"train/loss":0.8804,"eval/loss":0.8838707804679871,"_timestamp":1.747309951630459e+09,"_wandb":{"runtime":2628},"train_samples_per_second":5.668,"total_flos":5.636651399066419e+16,"train/global_step":114}