{"train_steps_per_second":0.037,"_wandb":{"runtime":10374},"train_runtime":10373.7482,"eval/samples_per_second":1.677,"train/epoch":9.806451612903226,"eval/runtime":0.5962,"eval/loss":1.1307164430618286,"_timestamp":1.7424195049076009e+09,"_step":76,"train_samples_per_second":4.777,"train/global_step":380,"_runtime":10373.336176288,"train/grad_norm":0.173133984208107,"total_flos":1.937682784054149e+17,"eval/steps_per_second":1.677,"train_loss":0.5207057523099999,"train/loss":0.1054,"train/learning_rate":2.1428571428571427e-06}