{"train_runtime":21630.2829,"eval/steps_per_second":1.904,"_timestamp":1.7424632130519187e+09,"train/global_step":990,"train_samples_per_second":5.929,"_wandb":{"runtime":21634},"_step":198,"train/epoch":14.81758652946679,"eval/samples_per_second":1.904,"eval/loss":0.600441038608551,"total_flos":3.847051711217664e+17,"train_loss":0.26481801825340345,"train/learning_rate":1.0112359550561797e-06,"_runtime":21629.88798383,"train_steps_per_second":0.046,"train/loss":0.1387,"eval/runtime":0.5253,"train/grad_norm":0.1086592748761177}