{"_timestamp":1.7471306616773617e+09,"train_samples_per_second":4.342,"_wandb":{"runtime":2534},"eval/loss":0.9413971304893494,"train/epoch":2.928104575163399,"train/learning_rate":0.00023999999999999998,"train/global_step":84,"train_steps_per_second":0.033,"eval/samples_per_second":1.486,"total_flos":5.631872775988838e+16,"_runtime":2532.894802894,"train/loss":0.7237,"_step":16,"train/grad_norm":0.9422510266304016,"eval/runtime":0.673,"eval/steps_per_second":1.486,"train_runtime":2533.464,"train_loss":1.2530260909171331}