{"train_steps_per_second":0.032,"_timestamp":1.7420046760189133e+09,"train_samples_per_second":4.154,"_wandb":{"runtime":2656},"eval/loss":0.7451805472373962,"train_loss":1.0422582569576444,"eval/runtime":0.6276,"train_runtime":2648.4113,"train/epoch":2.928104575163399,"eval/samples_per_second":1.593,"_runtime":2647.99276668,"train/loss":0.704,"total_flos":5.812417460640154e+16,"_step":16,"train/global_step":84,"train/grad_norm":0.4920567274093628,"eval/steps_per_second":1.593,"train/learning_rate":0.000237}