{"train/learning_rate":2.7551020408163265e-05,"total_flos":7.035801895718093e+16,"_step":38,"eval/samples_per_second":1.824,"train_samples_per_second":5.114,"train_loss":0.8202656615864147,"_runtime":5014.88303622,"eval/steps_per_second":1.824,"eval/loss":1.1808154582977295,"_wandb":{"runtime":5016},"train_runtime":5015.3975,"eval/runtime":0.5483,"train/loss":0.4392,"train/global_step":198,"train_steps_per_second":0.039,"train/grad_norm":0.4953000247478485,"_timestamp":1.74709715025761e+09,"train/epoch":2.963517305893358}