{"train/grad_norm":0.49950936436653137,"train/learning_rate":0,"train_samples_per_second":4.283,"eval/loss":0.33630457520484924,"train_loss":0.7285746828715006,"_runtime":4556.768259536,"total_flos":9.458943051851366e+16,"_timestamp":1.7471088540030837e+09,"eval/samples_per_second":1.785,"train_steps_per_second":0.033,"eval/runtime":0.5602,"_wandb":{"runtime":4557},"eval/steps_per_second":1.785,"train/epoch":2.9484029484029484,"train/loss":0.2822,"train/global_step":150,"train_runtime":4557.2906,"_step":30}