{"eval/runtime":0.6333,"train/loss":0.1004,"eval/samples_per_second":1.579,"total_flos":3.2250931969071514e+17,"train/grad_norm":0.155225932598114,"train/global_step":500,"_wandb":{"runtime":15801},"train/epoch":9.828009828009828,"train_steps_per_second":0.032,"eval/steps_per_second":1.579,"train_loss":0.31337006378173826,"_runtime":15796.135740902,"_timestamp":1.7399834777463973e+09,"train_runtime":15796.5737,"_step":100,"train/learning_rate":2.9999999999999997e-06,"train_samples_per_second":4.119,"eval/loss":0.3308834731578827}