{"train/loss":0.866,"_wandb":{"runtime":3579},"train/global_step":114,"eval/samples_per_second":1.843,"total_flos":5.638168422265651e+16,"train_loss":1.3323879137373806,"eval/loss":0.8486372232437134,"eval/runtime":0.5427,"train/grad_norm":0.9579803943634033,"train/learning_rate":0.00010714285714285714,"_timestamp":1.7471041679153528e+09,"_step":22,"train_samples_per_second":4.154,"train_steps_per_second":0.032,"train/epoch":2.9419354838709677,"_runtime":3578.670428506,"train_runtime":3579.1724,"eval/steps_per_second":1.843}