{"_runtime":5744.72689527,"eval/steps_per_second":1.492,"train/global_step":198,"train/epoch":2.963517305893358,"train/loss":0.376,"eval/runtime":0.6703,"train/learning_rate":3.061224489795918e-05,"train_runtime":5745.1699,"eval/samples_per_second":1.492,"train_samples_per_second":4.465,"train/grad_norm":0.35537514090538025,"eval/loss":0.6827941536903381,"train_steps_per_second":0.034,"train_loss":0.6421864767267247,"_timestamp":1.746233903897877e+09,"_wandb":{"runtime":5746},"_step":38,"total_flos":7.740606067192627e+16}