{"total_flos":5.809470989244826e+16,"_wandb":{"runtime":2527},"eval/runtime":0.6297,"train/grad_norm":0.6995294690132141,"_step":16,"_timestamp":1.7404623338300903e+09,"train_runtime":2527.6024,"train_loss":1.0519751395498003,"train/epoch":2.928104575163399,"train_samples_per_second":4.352,"eval/samples_per_second":1.588,"train_steps_per_second":0.033,"eval/loss":0.7853875756263733,"_runtime":2526.887500101,"train/loss":0.6899,"train/global_step":84,"eval/steps_per_second":1.588,"train/learning_rate":0.00023099999999999998}