{"train/epoch":9.806451612903226,"_step":76,"train_steps_per_second":0.035,"_wandb":{"runtime":10728},"total_flos":1.9379739647567462e+17,"train/loss":0.1051,"eval/loss":0.9459235668182373,"train_runtime":10724.1038,"_timestamp":1.7424380270832262e+09,"eval/runtime":0.6133,"train/grad_norm":0.15877215564250946,"_runtime":10723.654637231,"eval/samples_per_second":1.63,"train_loss":0.5269327649944707,"train_samples_per_second":4.621,"train/learning_rate":2.1428571428571427e-06,"train/global_step":380,"eval/steps_per_second":1.63}