{"total_flos":5.812382796270797e+16,"train/learning_rate":0.00012857142857142855,"eval/samples_per_second":1.657,"eval/loss":0.7427709698677063,"_runtime":3228.17676726,"train_runtime":3228.979,"train/loss":0.8556,"train_samples_per_second":4.605,"_step":22,"eval/steps_per_second":1.657,"_wandb":{"runtime":3229},"train_steps_per_second":0.035,"train/grad_norm":0.41645586490631104,"train/global_step":114,"eval/runtime":0.6035,"_timestamp":1.7404534618445988e+09,"train_loss":1.1673789714512073,"train/epoch":2.9419354838709677}