{"eval/runtime":0.5269,"train/loss":0.1104,"train_samples_per_second":5.604,"_timestamp":1.742507684170841e+09,"train/epoch":14.975369458128078,"train/grad_norm":0.12887179851531982,"train/global_step":1140,"train_runtime":26070.1779,"_wandb":{"runtime":26074},"_step":228,"eval/steps_per_second":1.898,"eval/loss":0.7389808297157288,"eval/samples_per_second":1.898,"train/learning_rate":5.769230769230769e-07,"train_steps_per_second":0.044,"train_loss":0.34663230379422505,"total_flos":5.900596683409981e+17,"_runtime":26069.796820317}