{"train_loss":0.420753479526754,"train_steps_per_second":0.031,"train/grad_norm":0.09179023653268814,"eval/steps_per_second":1.506,"train_samples_per_second":4.027,"train/global_step":285,"eval/loss":1.3380322456359863,"_step":56,"train_runtime":9271.0731,"eval/samples_per_second":1.506,"total_flos":2.368574760906916e+17,"eval/runtime":0.6642,"_timestamp":1.742447416776894e+09,"_wandb":{"runtime":9275},"train/epoch":14.615384615384615,"train/learning_rate":8.108108108108107e-06,"train/loss":0.06,"_runtime":9270.669883471}