{"train/learning_rate":0.00015,"eval/runtime":0.6266,"eval/samples_per_second":1.596,"_step":22,"eval/steps_per_second":1.596,"train_runtime":3576.9524,"train_samples_per_second":4.157,"train_steps_per_second":0.032,"eval/loss":0.7414196729660034,"train/grad_norm":0.4392145574092865,"train_loss":1.154392825929742,"_timestamp":1.742015391927624e+09,"train/global_step":114,"train/epoch":2.9419354838709677,"_wandb":{"runtime":3581},"train/loss":0.8648,"total_flos":5.81418534347735e+16,"_runtime":3576.417963149}