{"train/loss":0.2852,"train/grad_norm":0.5438287854194641,"eval/steps_per_second":1.859,"train_steps_per_second":0.039,"total_flos":9.461673693609984e+16,"_step":30,"train/epoch":2.9484029484029484,"train_runtime":3822.1951,"train_samples_per_second":5.107,"_wandb":{"runtime":3823},"train/global_step":150,"_runtime":3821.786719809,"train_loss":0.7338180001576742,"_timestamp":1.7473960659499905e+09,"eval/loss":0.31642743945121765,"eval/samples_per_second":1.859,"eval/runtime":0.5378,"train/learning_rate":0}