{"_timestamp":1.7463323473639872e+09,"eval/steps_per_second":1.475,"train_samples_per_second":1.366,"train_runtime":18772.8274,"train/loss":0.411,"train/grad_norm":0.3780314326286316,"train/epoch":2.963517305893358,"train/global_step":198,"_step":38,"total_flos":7.740885088390349e+16,"train_loss":0.7074294114353681,"eval/loss":0.7279701232910156,"eval/samples_per_second":1.475,"_runtime":18772.331324113,"train_steps_per_second":0.011,"_wandb":{"runtime":18778},"train/learning_rate":3.36734693877551e-05,"eval/runtime":0.6782}