{"train_loss":1.259569139707656,"total_flos":5.633882831727821e+16,"train_steps_per_second":0.038,"eval/loss":0.9022782444953918,"train/learning_rate":0.00023999999999999998,"_timestamp":1.747383398536808e+09,"eval/runtime":0.5595,"train/global_step":84,"_step":16,"eval/steps_per_second":1.787,"train/grad_norm":0.8833440542221069,"train_runtime":2208.3199,"train_samples_per_second":4.982,"train/epoch":2.928104575163399,"_runtime":2207.799103842,"train/loss":0.7201,"eval/samples_per_second":1.787,"_wandb":{"runtime":2209}}