{"_step":132,"train/loss":0.141,"eval/steps_per_second":1.668,"train/learning_rate":1.0714285714285714e-06,"train/global_step":660,"total_flos":2.5655793048354816e+17,"eval/loss":0.41329559683799744,"train_loss":0.3290166553222772,"_runtime":17174.468412332,"train_samples_per_second":4.978,"eval/runtime":0.5997,"eval/samples_per_second":1.668,"train/epoch":9.878391019644528,"_timestamp":1.7423737755741594e+09,"train/grad_norm":0.16166239976882935,"train_runtime":17174.9527,"_wandb":{"runtime":17175},"train_steps_per_second":0.038}