{"train/grad_norm":0.14592750370502472,"eval/steps_per_second":1.751,"train/learning_rate":0,"train/global_step":190,"train/epoch":9.743589743589745,"train_runtime":5323.0419,"train_steps_per_second":0.036,"_runtime":5322.598635209,"train/loss":0.069,"total_flos":1.5815237210977075e+17,"train_samples_per_second":4.676,"train_loss":0.6152026333306965,"_step":38,"_timestamp":1.7423623116222293e+09,"eval/runtime":0.571,"eval/samples_per_second":1.751,"eval/loss":1.0493241548538208,"_wandb":{"runtime":5327}}