{"_step":22,"eval/runtime":0.5354,"total_flos":5.817235807980749e+16,"_timestamp":1.742013763855708e+09,"train/epoch":2.9419354838709677,"train_samples_per_second":4.874,"eval/steps_per_second":1.868,"train_runtime":3050.2437,"train_loss":1.166485962114836,"train/global_step":114,"_runtime":3049.862454063,"eval/loss":0.7329380512237549,"eval/samples_per_second":1.868,"train_steps_per_second":0.037,"_wandb":{"runtime":3054},"train/grad_norm":0.4154609143733978,"train/learning_rate":0.00012857142857142855,"train/loss":0.8531}