{"eval/steps_per_second":2.853,"train/grad_norm":0.4054877460002899,"train_runtime":1815.3418,"train/learning_rate":0.00012857142857142855,"_step":22,"train/loss":0.8479,"_timestamp":1.7461070736281867e+09,"eval/loss":0.6995196342468262,"train/global_step":114,"eval/runtime":0.3505,"total_flos":5.768918619232666e+16,"train_steps_per_second":0.063,"train/epoch":2.9419354838709677,"eval/samples_per_second":2.853,"train_loss":1.1660320068660535,"_wandb":{"runtime":1816},"train_samples_per_second":8.19,"_runtime":1814.872676502}