{"train_samples_per_second":4.939,"train/learning_rate":3.3707865168539325e-07,"_wandb":{"runtime":25970},"train_loss":0.2599744660685761,"eval/runtime":0.6135,"_timestamp":1.742486168225643e+09,"train/epoch":14.81758652946679,"eval/steps_per_second":1.63,"_step":198,"train/grad_norm":0.1078554317355156,"total_flos":3.846996248226693e+17,"train/global_step":990,"eval/loss":0.5532381534576416,"eval/samples_per_second":1.63,"train_runtime":25965.9633,"_runtime":25965.574188082,"train_steps_per_second":0.038,"train/loss":0.1378}