{"eval/runtime":0.5528,"eval/loss":0.3196127116680145,"train/global_step":150,"train/loss":0.2824,"eval/steps_per_second":1.809,"train_loss":0.727997228304545,"_timestamp":1.7468313833581862e+09,"train/learning_rate":0,"train_runtime":3894.7123,"train_samples_per_second":5.012,"train/grad_norm":0.39724472165107727,"total_flos":9.461066884330291e+16,"_runtime":3894.165096994,"_step":30,"train/epoch":2.9484029484029484,"train_steps_per_second":0.039,"eval/samples_per_second":1.809,"_wandb":{"runtime":3895}}