{"train/grad_norm":0.5504764914512634,"eval/runtime":0.7687,"train_loss":1.0258290029707409,"train_steps_per_second":0.031,"eval/steps_per_second":1.301,"train_samples_per_second":4.054,"train/learning_rate":0.00023999999999999998,"total_flos":5.809470989244826e+16,"eval/samples_per_second":1.301,"train/loss":0.6679,"train_runtime":2713.799,"_timestamp":1.7405594878420622e+09,"_wandb":{"runtime":2718},"_step":16,"eval/loss":0.7296956181526184,"train/global_step":84,"_runtime":2713.325535301,"train/epoch":2.928104575163399}