{"total_flos":1.1800444616441856e+17,"_step":44,"_runtime":5803.567031138,"eval/steps_per_second":1.655,"train/learning_rate":2.3437499999999997e-05,"train/global_step":228,"train/grad_norm":0.47093096375465393,"train_steps_per_second":0.039,"eval/loss":0.5288817882537842,"eval/runtime":0.6043,"train_loss":0.9581637424335145,"_wandb":{"runtime":5808},"eval/samples_per_second":1.655,"_timestamp":1.742010615017718e+09,"train_samples_per_second":5.034,"train_runtime":5804.0972,"train/loss":0.7272,"train/epoch":2.9950738916256157}