{"train/learning_rate":0.00012857142857142855,"train_samples_per_second":3.011,"train_runtime":4937.095,"_wandb":{"runtime":4937},"_step":22,"train_loss":1.161565151130944,"train/global_step":114,"eval/samples_per_second":1.108,"train_steps_per_second":0.023,"eval/steps_per_second":1.108,"train/loss":0.8374,"_timestamp":1.7404746953687668e+09,"_runtime":4936.422504275,"eval/runtime":0.9027,"train/epoch":2.9419354838709677,"total_flos":5.814601315909632e+16,"train/grad_norm":0.43192070722579956,"eval/loss":0.7428403496742249}