{"eval/runtime":0.6326,"_runtime":8786.059424673,"_step":56,"eval/samples_per_second":1.581,"train/global_step":285,"train/epoch":14.615384615384615,"_timestamp":1.742428420299175e+09,"train_steps_per_second":0.032,"_wandb":{"runtime":8786},"eval/loss":1.107166051864624,"train/grad_norm":0.09481220692396164,"train_runtime":8786.6236,"train_samples_per_second":4.249,"train_loss":0.41680363437585666,"total_flos":2.3690115319608115e+17,"train/learning_rate":8.108108108108107e-06,"eval/steps_per_second":1.581,"train/loss":0.0603}