{"eval/samples_per_second":0.815,"train_loss":0.4486038135630744,"train/grad_norm":0.19660915434360504,"eval/steps_per_second":0.815,"eval/runtime":1.2277,"train_steps_per_second":0.028,"eval/loss":1.1406159400939941,"_runtime":9885.729923242,"_wandb":{"runtime":9890},"train/learning_rate":0,"train_runtime":9886.1363,"total_flos":1.9325212594569216e+17,"train/global_step":280,"train/loss":0.079,"train_samples_per_second":3.709,"_step":56,"train/epoch":9.760348583877995,"_timestamp":1.7423730025001528e+09}