{"train/loss":0.4326,"eval/steps_per_second":2.14,"_runtime":4001.596063705,"train_runtime":4002.0449,"train/global_step":198,"eval/samples_per_second":2.14,"_step":38,"eval/loss":0.9829176664352417,"train_loss":0.8185413124585392,"_timestamp":1.7472999469095085e+09,"train/grad_norm":0.496203750371933,"train_steps_per_second":0.049,"train/learning_rate":2.7551020408163265e-05,"train_samples_per_second":6.409,"total_flos":7.037318918917325e+16,"eval/runtime":0.4672,"_wandb":{"runtime":4007},"train/epoch":2.963517305893358}