{"eval/runtime":0.6319,"eval/loss":0.7479009032249451,"_runtime":2491.105637259,"train_samples_per_second":4.415,"train_steps_per_second":0.034,"eval/steps_per_second":1.583,"_timestamp":1.7404500949769835e+09,"total_flos":5.811689508883661e+16,"train/epoch":2.928104575163399,"train_runtime":2491.5094,"_step":16,"train/global_step":84,"train/learning_rate":0.00023999999999999998,"_wandb":{"runtime":2491},"train/loss":0.6883,"eval/samples_per_second":1.583,"train_loss":1.04087685971033,"train/grad_norm":0.6218216419219971}