{"_wandb":{"runtime":4431},"eval/steps_per_second":1.618,"eval/loss":0.3172857165336609,"train/global_step":150,"train/grad_norm":0.3090144395828247,"train_samples_per_second":4.405,"_timestamp":1.7420188521976044e+09,"_step":30,"total_flos":9.662415643253146e+16,"train_loss":0.650521411895752,"train_steps_per_second":0.034,"eval/samples_per_second":1.618,"_runtime":4430.84155396,"train/epoch":2.9484029484029484,"train/learning_rate":5.999999999999999e-06,"train_runtime":4431.2406,"eval/runtime":0.6179,"train/loss":0.2667}