{"train/learning_rate":0,"_wandb":{"runtime":3554},"train_steps_per_second":0.042,"train/epoch":2.9484029484029484,"eval/samples_per_second":2.15,"_timestamp":1.7470985015627043e+09,"train/grad_norm":0.4590095579624176,"eval/runtime":0.4651,"train_runtime":3548.1427,"train/loss":0.2776,"eval/steps_per_second":2.15,"_step":30,"eval/loss":0.3335971236228943,"_runtime":3547.756752761,"train_samples_per_second":5.502,"total_flos":9.459246456491213e+16,"train_loss":0.7247306124369304,"train/global_step":150}