{"_runtime":6436.681377186,"train/epoch":2.928104575163399,"eval/loss":0.7719173431396484,"train/grad_norm":0.6104113459587097,"train/loss":0.7057,"eval/samples_per_second":0.289,"train_runtime":6437.2156,"train/learning_rate":0.00023999999999999998,"eval/steps_per_second":0.289,"train_steps_per_second":0.013,"_step":16,"train_samples_per_second":1.709,"train_loss":1.0625627466610499,"_timestamp":1.7461135361309457e+09,"eval/runtime":3.4563,"total_flos":5.766717162022502e+16,"train/global_step":84,"_wandb":{"runtime":6440}}