{"train/learning_rate":0.00023999999999999998,"train_loss":1.0455420187541418,"eval/steps_per_second":1.583,"train_steps_per_second":0.034,"eval/loss":0.7946342825889587,"train/loss":0.7096,"_runtime":2487.837559181,"total_flos":5.81224413879337e+16,"_wandb":{"runtime":2488},"_timestamp":1.7404117861997192e+09,"train/grad_norm":0.47412821650505066,"train/global_step":84,"train_samples_per_second":4.421,"train/epoch":2.928104575163399,"_step":16,"eval/samples_per_second":1.583,"train_runtime":2488.2365,"eval/runtime":0.6317}