{"train/learning_rate":1.875e-05,"train_runtime":5652.7537,"eval/loss":0.7126454710960388,"train_steps_per_second":0.04,"_timestamp":1.7473891558937733e+09,"_step":44,"total_flos":1.163647815202898e+17,"train_samples_per_second":5.169,"eval/runtime":0.5466,"train/epoch":2.9950738916256157,"train_loss":1.0630015657659162,"_runtime":5652.318441992,"train/grad_norm":0.6185264587402344,"eval/steps_per_second":1.829,"_wandb":{"runtime":5653},"eval/samples_per_second":1.829,"train/loss":0.7898,"train/global_step":228}