{"train_runtime":14418.1392,"_wandb":{"runtime":14422},"train/global_step":660,"_runtime":14417.739613496,"eval/samples_per_second":1.93,"train_steps_per_second":0.046,"_step":132,"_timestamp":1.7423839546405077e+09,"train_loss":0.32092161720449275,"eval/runtime":0.5182,"train/epoch":9.878391019644528,"train/learning_rate":5.357142857142857e-07,"train/loss":0.1412,"eval/steps_per_second":1.93,"eval/loss":0.5262317657470703,"train_samples_per_second":5.93,"train/grad_norm":0.15009000897407532,"total_flos":2.56546837885354e+17}