{"train_loss":0.4718983774122439,"_runtime":17589.704896846,"eval/loss":0.7188072204589844,"eval/samples_per_second":1.919,"train/global_step":760,"_timestamp":1.7424140994394562e+09,"eval/runtime":0.5211,"train/epoch":9.983579638752053,"_step":152,"train_samples_per_second":5.537,"_wandb":{"runtime":17594},"train_runtime":17590.082,"train/learning_rate":9.09090909090909e-07,"eval/steps_per_second":1.919,"train/loss":0.1175,"train_steps_per_second":0.043,"train/grad_norm":0.19379381835460663,"total_flos":3.933255064934154e+17}