{"train/grad_norm":0.12067004293203354,"total_flos":2.9039590127488205e+17,"eval/steps_per_second":1.674,"train_steps_per_second":0.037,"train/loss":0.1009,"train/epoch":14.709677419354838,"train/learning_rate":1.276595744680851e-06,"eval/loss":1.299385905265808,"train_loss":0.39111256348459345,"eval/samples_per_second":1.674,"train_runtime":15481.0823,"train/global_step":570,"_timestamp":1.7425345813381033e+09,"_runtime":15480.626992162,"_wandb":{"runtime":15481},"_step":114,"eval/runtime":0.5975,"train_samples_per_second":4.802}