{"eval/samples_per_second":1.658,"train_runtime":30883.991,"_runtime":30883.588186659,"eval/steps_per_second":1.658,"_wandb":{"runtime":30884},"train_samples_per_second":4.731,"train/learning_rate":5.769230769230769e-07,"train_loss":0.3508763341527236,"train/global_step":1140,"eval/loss":0.9820226430892944,"train/epoch":14.975369458128078,"train/loss":0.1105,"total_flos":5.900374831446098e+17,"train/grad_norm":0.13467706739902496,"_step":228,"_timestamp":1.74251895014366e+09,"train_steps_per_second":0.037,"eval/runtime":0.6032}