{"train/grad_norm":0.3215723931789398,"train_samples_per_second":4.191,"train/global_step":150,"eval/loss":0.3342735767364502,"train/learning_rate":1.1999999999999999e-05,"train_steps_per_second":0.032,"eval/samples_per_second":1.489,"train/loss":0.2735,"train_runtime":4657.6,"_step":30,"_timestamp":1.7463284750039008e+09,"_runtime":4969.908667968,"eval/runtime":0.6716,"train_loss":0.6579533576965332,"eval/steps_per_second":1.489,"train/epoch":2.9484029484029484,"total_flos":9.723260942902886e+16,"_wandb":{"runtime":4974}}