{"eval/steps_per_second":1.697,"train/learning_rate":2.7551020408163265e-05,"eval/runtime":0.5893,"train/epoch":2.963517305893358,"train_samples_per_second":4.766,"eval/samples_per_second":1.697,"_timestamp":1.7404474820837636e+09,"train_runtime":5382.0853,"eval/loss":0.7678501009941101,"train_loss":0.6787518997385045,"_wandb":{"runtime":5381},"total_flos":7.69354879252562e+16,"train/global_step":198,"_step":38,"train/grad_norm":0.3577534258365631,"_runtime":5381.271401905,"train_steps_per_second":0.037,"train/loss":0.4307}