{"train_runtime":18204.6949,"eval/loss":0.2694198489189148,"eval/steps_per_second":1.782,"train_steps_per_second":0.041,"train/global_step":750,"train/epoch":14.742014742014742,"train_loss":0.24083892838160198,"train/loss":0.0929,"_timestamp":1.7424815165626059e+09,"_wandb":{"runtime":18209},"eval/samples_per_second":1.782,"total_flos":4.831010234721239e+17,"_runtime":18204.303601116,"train_samples_per_second":5.362,"train/learning_rate":9.23076923076923e-07,"train/grad_norm":0.11263369023799896,"eval/runtime":0.5612,"_step":150}