{"_timestamp":1.7461070089485805e+09,"_step":38,"train/loss":0.4149,"train/global_step":198,"total_flos":7.633552876240896e+16,"_wandb":{"runtime":12074},"eval/steps_per_second":0.333,"train/learning_rate":3.061224489795918e-05,"eval/runtime":3.0063,"train_runtime":12071.6129,"train/epoch":2.963517305893358,"train/grad_norm":0.5367823839187622,"_runtime":12071.204122769,"train_steps_per_second":0.016,"train_samples_per_second":2.125,"train_loss":0.6768274572160509,"eval/loss":0.7838928699493408,"eval/samples_per_second":0.333}