{"eval/samples_per_second":1.493,"total_flos":1.1873747069042688e+17,"train/learning_rate":2.3437499999999997e-05,"eval/steps_per_second":1.493,"_step":44,"eval/loss":0.5971704721450806,"train/epoch":2.9950738916256157,"_runtime":6835.97916568,"train_samples_per_second":4.274,"_wandb":{"runtime":6837},"train/grad_norm":0.4580537676811218,"train/loss":0.7123,"_timestamp":1.7463357442490246e+09,"train_steps_per_second":0.033,"train/global_step":228,"train_runtime":6836.4781,"eval/runtime":0.6698,"train_loss":0.9405309421974316}