{"train/global_step":114,"_runtime":3228.628116249,"eval/samples_per_second":1.63,"_timestamp":1.7420142861371908e+09,"train_loss":1.1637124325099744,"train/grad_norm":0.5569044351577759,"eval/steps_per_second":1.63,"train_runtime":3228.9951,"_wandb":{"runtime":3229},"total_flos":5.812521453748224e+16,"train/learning_rate":0.00012857142857142855,"eval/loss":0.701123058795929,"train_steps_per_second":0.035,"train_samples_per_second":4.605,"_step":22,"eval/runtime":0.6135,"train/epoch":2.9419354838709677,"train/loss":0.8625}