{"train_runtime":1440.5385,"_wandb":{"runtime":1441},"train_samples_per_second":7.637,"train/loss":0.7021,"train/global_step":84,"eval/steps_per_second":2.666,"total_flos":5.770019347837747e+16,"train/epoch":2.928104575163399,"eval/samples_per_second":2.666,"train_steps_per_second":0.058,"_timestamp":1.7460955945472763e+09,"train_loss":1.0609863854589916,"eval/loss":0.7565799951553345,"eval/runtime":0.375,"train/grad_norm":0.6249750852584839,"_step":16,"train/learning_rate":0.00023999999999999998,"_runtime":1440.130004335}