{"train/global_step":84,"eval/samples_per_second":1.432,"_runtime":2712.498329269,"eval/loss":0.7796326875686646,"train_samples_per_second":4.055,"train_steps_per_second":0.031,"_step":16,"_wandb":{"runtime":2713},"_timestamp":1.746255832893419e+09,"train/learning_rate":0.00023999999999999998,"train/epoch":2.928104575163399,"train_runtime":2712.9025,"train/grad_norm":0.5280510783195496,"eval/runtime":0.6984,"train_loss":1.0368141645476932,"train/loss":0.692,"total_flos":5.846993831205274e+16,"eval/steps_per_second":1.432}