{"train/loss":0.1167,"_step":152,"train/global_step":760,"eval/steps_per_second":1.665,"train/grad_norm":0.19651244580745697,"train/epoch":9.983579638752053,"eval/runtime":0.6007,"total_flos":3.9336849031141786e+17,"eval/loss":0.8330075740814209,"_wandb":{"runtime":20637},"train_loss":0.45600925558491756,"train_samples_per_second":4.72,"train_runtime":20636.7357,"_timestamp":1.742409000690169e+09,"train/learning_rate":9.09090909090909e-07,"eval/samples_per_second":1.665,"train_steps_per_second":0.037,"_runtime":20636.345803677}