{"train/loss":0.2181,"eval/steps_per_second":0.395,"total_flos":9.727001092030464e+16,"eval/runtime":2.534,"eval/samples_per_second":0.395,"eval/loss":0.23205557465553284,"train_loss":0.3900629924044429,"_runtime":9606.488493547,"train/epoch":2.9926289926289926,"_step":120,"train/grad_norm":0.39425837993621826,"_timestamp":1.746145904412961e+09,"train_samples_per_second":2.032,"train/global_step":609,"train/learning_rate":6.483300589390962e-06,"train_steps_per_second":0.063,"_wandb":{"runtime":9610},"train_runtime":9606.9428}