{"train_samples_per_second":4.387,"_timestamp":1.7424600756119666e+09,"train/learning_rate":1.8749999999999998e-06,"train/global_step":420,"_runtime":12537.407110764,"eval/steps_per_second":1.555,"_wandb":{"runtime":12542},"total_flos":2.899341718750495e+17,"eval/loss":1.4654513597488403,"train/epoch":14.640522875816993,"train_loss":0.3426341251248405,"train_runtime":12537.81,"eval/runtime":0.6429,"train/loss":0.071,"_step":84,"train_steps_per_second":0.033,"train/grad_norm":0.09488146007061005,"eval/samples_per_second":1.555}